SST,access_cm2,cams_csm1_0,canesm5_canoe,cesm2,ciesm,cmcc_cm2_sr5,cmcc_esm2,cnrm_cm6_1,cnrm_cm6_1_hr,cnrm_esm2_1,ec_earth3_cc,fgoals_f3_l,fgoals_g3,fio_esm_2_0,hadgem3_gc31_ll,ipsl_cm6a_lr,kiost_esm,mcm_ua_1_0,miroc_es2l,miroc6,nesm3,noresm2_lm,noresm2_mm,ukesm1_0_ll
-4.0,,,,,,,,,,,,,,,,,,,,,,,,
-3.75,,,,,,,,,,,,,,,,,,,,,,,,
-3.5,,,,,,,,,,,,,,,,,,,,,,,,
-3.25,,,,,,,,,,,,,,,,,,,,,,,,
-3.0,,,,,,,,,,,,,,,,,,,,,,,,
-2.75,,,,,,,,,,,,,,,,,,,,,,,,
-2.5,,,,,,,,,,,,,,,,,,,,,,,,
-2.25,,,,,,,,,,,,,,,,,,115509.81141105344,,,,,,
-2.0,,,1291283.22431429,,,9495.835302572254,8509.436147865004,,,,,,11032.309310332213,,,52642.06280116619,7579.038079527785,5069302.110177354,,,898.6558741423287,225147.833999472,125662.19063414275,
-1.75,,908478.2062213045,1059901.5884692087,4576.939776894727,,4067.083504114671,2958.7531871227475,,,,,,5102221.8048034925,,,171312.80301400507,4394020.974288686,784169.8639781391,196568.19713448253,11458.714522004564,25315.15249695142,589537.1335815422,585172.9199533102,209820.77883368146
-1.5,,2439269.2963756267,1331854.1309664552,15015.782552332927,,5873.418296421107,1615.7361490515286,414488.8882740645,393990.77838772314,,,47688.22204494128,1997307.9124295628,,61674.25613829853,96095.53209282344,917220.3683344517,390539.449573989,534892.9706195842,14091.883144613093,51311.525273489315,451796.31402652897,2565251.3612509747,411342.9062549821
-1.25,,975003.6780648339,1327765.761786825,26889.70157639328,,2052.7007272042356,3668.6404485167823,405669.44961480726,595658.4322838591,,,579244.8962567773,1408656.699378577,6720.172889559253,263576.19155820686,86943.80419414071,543423.2017699769,509292.5833117068,300926.813400203,197362.59184830711,83948.1159194585,1082770.1645442788,1413957.7139670672,379442.3099672706
-1.0,2511.678707738495,578148.27460963,1093361.5185731584,47217.61887526902,,7924.555702239675,3710.0703048531905,329683.76168499864,444220.738913859,,,1647766.3813815452,1218918.0602014046,150320.23596417153,282648.2078194732,71769.7446775221,363505.61477214936,636050.0170483124,269859.3829517353,444548.4118613993,73805.68398156,1359564.2713592602,934117.4252622845,440335.0856985091
-0.75,5150.200171920199,472573.9969956931,1527464.8476090105,54059.18434436989,,11993.819329623508,5606.262622611459,341342.14269069023,392337.45702828094,,,898845.7547938162,1191784.824829502,473492.85101251735,261421.5232605246,63349.177830454544,307048.40274100285,730399.8842015602,247571.8165685949,430026.1562979388,201235.1258236707,976400.6146876663,759709.9882940771,397429.18082892965
-0.5,4777.0893156216935,451083.75255050324,1557715.65899235,202869.51925566702,,71811.76449755598,23182.590350650597,334533.55443457444,347345.4627424001,,,637562.3850475149,1072865.7717637438,561378.6517149324,295302.64548932866,83747.41587793699,311737.41118373163,950482.4095346872,350111.7691031436,356256.44876030856,263779.41419075686,776602.7439664435,712133.8861083332,421053.3728116825
-0.25,33363.53082968422,446888.23272523284,1494651.9512810986,1216154.2520107443,,752927.3350220397,348991.1382307579,264123.40037593315,299279.01758427033,,,702981.0626686784,947124.2362353988,770949.930170275,285454.01427948056,136693.10036194627,364486.18130536657,617623.5221981835,356843.1712295802,280715.5613828786,432942.1356780657,627306.9561965642,667842.5107444609,508375.6795260641
0.0,62128.45430205818,400007.03181646485,1157131.3691626247,1577932.3105098493,,695769.0930661112,940721.7708337479,272106.84508509166,283783.9644941669,213932.05180447883,,755278.6929091755,924615.0709560625,772982.1359916378,383351.23661580984,163643.80715620692,1154610.2181852171,515086.50308183394,474328.97360252496,239742.1866735497,394652.26734533766,559349.4348701229,702510.5968937464,902477.0152757312
0.25,110810.10428664947,375067.09968466964,1438856.2210612576,1528368.4126339974,,940744.4398255902,1061697.813280035,263750.9466467174,267545.79000207316,196567.05809951815,,754403.579680929,891240.2385127954,703644.4621912688,490635.4534423216,184562.17023367318,1054299.2215333264,804612.8208903112,334792.7958978079,300672.9511635485,419866.91035905527,513606.64855101705,892876.9848440774,1029459.0310408212
0.5,90837.03881770032,398100.21323528886,1497499.0802208222,1362213.8144234717,,1097538.4450406763,1127801.795320224,260242.12989554647,268139.4106452456,188611.43278077856,1934.5146000089921,716128.6612930717,1049650.2235280927,711441.9849380525,776628.7916490282,219410.73891386436,1070472.3405252937,895330.5674048346,279444.60427414905,259984.97895082925,767842.7186686578,556015.8852297142,1790150.1599093005,945302.3788962541
0.75,126987.09583085601,265795.00823990256,1241764.213355232,1363195.84057678,,1252214.396836869,1296309.7919793562,298712.2874873751,267976.75376384147,206417.9882571951,4519.0088763197,621750.9575079968,1034158.7130629066,652747.947861806,884596.0467211027,288361.2038115086,1032096.9604717363,1113542.1282702927,268587.6445331825,250102.41973759094,1359092.7045787326,1126577.3660690729,1124411.879071232,874759.2578600617
1.0,271549.5010883773,317874.9759827554,1285546.5959514678,1579162.6964900047,,1234932.347615363,1140328.9377222853,339922.58452658774,246757.3172826888,187777.91426616232,4433.636336147321,619643.1171468114,1385950.6762092449,673742.6916705323,864609.1139903595,272855.1825289633,1169970.802001236,813442.3228563722,257329.980274308,261306.75550992088,1706095.8954966469,1223118.0214357972,1160753.792089533,995761.3362119449
1.25,1159073.8867959508,302505.2971394472,1315404.271945756,1378551.949354533,,1180967.1687369319,1357156.3056969102,366668.48835934745,237525.30188949686,204136.56519886083,13613.877536405074,708383.7358279405,1630061.812569417,656976.4569102917,636743.6840413827,258041.5008991789,1299517.5675102137,574183.2648696732,272904.6958173034,254292.8777838028,1501341.4884072589,1577002.2115610167,1688581.7131932378,1180417.004299311
1.5,1200449.4596876912,380659.2016369421,1239190.3754617274,1336243.2296738066,,1198667.4374528686,1291979.6763537703,421671.08357382147,247366.34767517634,181965.92291745404,27866.569839534808,571233.879298253,1529480.9486378431,721780.7377984589,752737.9238675293,262897.8635179559,1720780.2428389136,878994.5208876524,281582.8327001459,260716.84751704615,1761349.5027353112,1678148.621349344,2116449.62856422,1016511.1867409553
1.75,1310382.4790924974,425178.369169198,1470869.3945406936,1231979.6551042013,,1238024.2570684329,1515785.2264476754,451338.09039269574,338689.1969790431,199658.14557974995,333432.77067258453,705418.8082751315,1407958.8882095888,752804.818429891,831680.559913883,307957.91089931224,2012532.9715754855,894621.8915108871,230955.92675507627,283238.14247300336,1900868.608295003,1896089.4790776148,1779332.990204297,980821.1552992184
2.0,1370329.6226725802,487485.0815136973,1212725.125067778,1200223.4286592547,3952.8059075504093,1725913.3955635354,2027258.7449732982,483212.30782959424,342378.4382703826,170036.66444178065,399492.93546701263,913056.0760854892,1443378.7525030337,761662.542092816,844286.32665696,370766.6489210967,2197526.084244337,956158.3595050201,220852.9856885653,259213.83254109044,2210513.459611129,1795496.4561932888,1784064.9706230424,1018021.1660535224
2.25,1245384.0091708135,674122.0451080408,1354833.8172609545,1251232.1053000446,21704.90091830103,2081140.9264786951,1990242.522412829,533593.6692484813,306963.542499871,192547.60354091856,343282.90117241605,1063902.1533073634,1569502.9084555656,956351.0457731215,802081.240300551,417829.9811495417,1976516.6519498155,1117836.7992990948,190835.1348547861,360796.5771649289,2226489.834277304,1764240.291568447,1793566.74951493,907500.6115897987
2.5,1058582.2797724912,1210446.987576861,1340018.3581492305,1200654.5358987115,49411.16607306303,2087402.4022844322,1780335.681431057,547848.5851159776,303508.46732170135,170864.39882706432,361204.03229364543,1347094.8041631076,1594967.3151676469,1507209.764066469,879314.9855793267,455799.8763630083,1789801.080487553,1184980.3963211551,206212.65462880023,429506.06035232823,2414685.5155369025,1859706.105983682,1851825.256835442,1055388.7062042076
2.75,1042726.0751673216,1422044.6206346788,1288732.9339538626,1338426.3798671626,76853.74580259636,1853927.8080297932,1788555.9615570623,668176.2164680827,364438.24987645354,208880.9588139099,387526.35306128766,1268143.728458736,1700419.4322247244,1608209.8510776795,980803.7576135807,599299.5313586625,1755897.4816960916,1048535.0003545061,347874.7278283294,655730.6963663632,2262185.3472406864,1705666.863759283,1860275.3175210059,1226589.962967096
3.0,1017245.6254088338,1187036.189020874,1348785.1763114147,1338170.1063223071,330213.4676654771,1745828.1886095256,1700256.202601172,1152692.9225307778,437382.75029535964,253517.00002020504,357898.30494358414,1184913.5910166502,2007010.9659703113,1787929.034335291,1597859.6381215528,634741.8678088672,1677280.6257476956,1225754.939369332,322332.33433830366,944025.6302117743,1880881.477922745,1506977.0329594351,1601388.7961917333,1550669.817922702
3.25,972075.0239648055,1503969.1187871322,1184591.773671504,1401306.0885947943,268814.51331023546,1537695.1205786169,1493621.1145660318,1260508.3224621732,513096.50054908544,268959.94623820996,445719.1497048419,1254406.8225568365,1550287.0755613633,1626274.646138763,1378801.6126688085,805149.3386289934,1629506.9303215034,1477220.4015549645,330120.80216006376,1155968.9650374958,1898023.049627956,1514539.7488641702,1460032.735221412,1566680.6782911085
3.5,992076.6192697603,1568665.6271053385,1083026.8174740747,1504308.9754466712,515123.6416351864,1470184.6080418788,1317778.4975223802,1090179.0444044024,575008.0663165189,350070.77480089664,438096.79684688104,1268468.8617886044,1476315.4877460673,1466138.8129181396,1400848.278812142,1253689.4526865734,1626593.151301287,1321799.9629757293,386961.22814365756,1610416.8198499857,1941464.2148522846,1505651.6096505597,1349404.6596867554,1570048.50415539
3.75,1012334.7517396566,1626846.5582232475,1146073.7486426644,1553659.204038348,937288.403239591,1221069.29346456,1278459.1099932827,1333731.6062744148,637122.5979567403,374594.13117355155,576615.440619471,1401931.4302414544,1526190.705885291,1517374.0133757964,1576878.3248509169,1416257.9795006793,1463137.9795866832,1165265.7717832103,453683.5310749402,1492277.8238891065,1788960.1518709287,1338147.5369108059,1388787.8473745137,1624542.5199886933
4.0,1083753.3542766366,1667729.8208174482,1151566.3081668876,1488812.2614800408,1148344.5501833502,1221212.6090061776,1167730.3663774207,1412042.1095612328,655694.1482989313,463521.2795385169,545579.9126943164,1330021.78478235,1448098.3297587484,1477032.5970579796,1576903.4083878174,1922245.1041492932,1560730.7460431606,1434684.1847594343,523411.2907312671,1489496.2361314204,1771833.7358211689,1397517.0267113447,2003061.9313873276,1649818.430328086
4.25,1216053.9519701526,2613041.1437201947,1126469.9290888496,1361518.2797053456,1287863.5370569108,1075696.3863783032,1210355.7269410528,1538993.815293774,709369.0831555706,536791.049783547,750394.5555990944,1395871.3318332285,1383803.3556589857,1548907.1231379993,1710462.2927383073,1628220.425100118,1344059.0146016441,1614917.62712387,656723.8227072852,1504864.8298915438,1614344.0976611301,1482509.033492349,1706867.4030424878,1653044.0671450607
4.5,1220575.4762646165,2641690.714386098,1075888.5284157097,1470494.0042534173,1348120.5713491272,1062892.6020805314,1084363.9772949852,1479910.0455243848,746743.2831636649,790762.0591767356,662690.0235411618,1528277.42505569,1360606.2127612457,1467651.500312902,1569630.3522769995,1871336.601709677,1357902.626054965,1489294.0408774577,784600.3110099966,1753795.152430009,1624368.5102551244,1679771.9815622866,1610518.9017370716,1469338.022072155
4.75,1186475.178601062,2786481.8083697334,1036480.1759049445,1406562.271257177,1345038.910314992,1029699.2330553606,1035468.5136229359,1415324.4427486025,986432.0163046475,968642.586431426,721341.008009959,1556300.3285096213,1128185.824534595,1412785.8091911376,1658197.8635819964,2044022.381172197,1441285.27177836,1648511.1072271243,1049423.2865571845,1690357.2026454285,1556035.0979298241,1663556.2509142235,1658411.512169093,1502512.7657060027
5.0,1300681.0877292566,2571615.4200872965,1119718.6570857987,1503566.4647282586,1537131.544581607,959058.0976654254,1000526.7924904749,1641713.9607412405,1107901.7632218227,1114875.461077095,813671.1962984866,1785676.7647786252,1159085.4319598004,1498181.6468016356,1495743.9951910265,1905732.901841659,1342398.5355821922,1533559.3617927916,1089202.0448742397,2174472.0849198997,1525035.1371142492,1413491.0669243857,1530643.0554009676,1396035.902932208
5.25,1341362.8326292038,2344419.6373479962,1021322.0781399608,1411598.1052446067,1601279.4376514032,1005336.6307475157,1106154.912108697,1705884.078859713,1276231.4586520381,1120053.2437076923,1058099.9372332664,1573602.1474617124,1134228.9532356337,1468845.3324417248,1582009.146287609,1789708.8383421153,1383468.144535564,1464500.6841057874,1283608.8710546251,2174911.280853223,1472293.7589021102,1386353.864790216,1491545.6054782122,1353784.6622873172
5.5,1653991.1455914527,2638589.478903923,1024932.4552074522,1460701.7893334478,1848116.3155427258,901906.6377086006,995227.9345252439,1665008.9065985456,1190066.8319204077,1067915.2142227497,1195981.7484209854,2023756.320998013,1120461.3841964975,1509577.7242517322,1498699.5842817053,2162389.8284219913,1372030.23697602,1027274.5481103733,1701837.6817033198,2084703.7778644226,1441081.6527945101,1559795.9438067675,1411570.5752469525,1418217.0377604626
5.75,1706871.928455215,1895136.1877374277,1101669.4704347998,1420471.2794519812,1900624.3657881506,886945.5243145004,1277310.1401807144,1856934.261568252,1332024.3216175064,1339049.8137535155,1514717.8498677202,1927936.2050573155,1057284.059182033,1614662.5017061569,1385444.8350793906,2105931.786370218,1358865.0215600207,1051708.5403874218,1902614.2723916005,2077532.653052479,1358119.4464164749,1538803.4038223326,1255890.586629212,1387792.7054744624
6.0,1758227.7267075516,1831336.1490980312,1052606.8713857606,1495767.4425409809,2155219.408192344,1019577.461608287,1458337.2118471898,2141419.261091549,1782935.8240227327,1617833.598141577,1525836.8696557675,1764149.9726170003,1175140.1092182547,1629488.6673355289,1345210.2423902974,2010749.5175477192,1417606.2204377353,1155581.4235562235,2146133.847429676,1947876.1455314085,1305587.001020342,1508906.9594269395,1230171.54764802,1265816.1943075694
6.25,1745896.4225056767,1696802.9875012338,996059.1735619158,1518045.6113364995,2166039.6018393915,781786.6812148318,1811850.3621943593,2072204.0580734275,1822565.5003555939,1502769.7952574212,1472100.8269495815,1660139.6129050106,1071450.127763413,1627855.9052212313,1437123.8019684516,1662178.7821057364,1706767.2713370994,1149803.397860095,2188499.3656379506,1996557.1081909202,1380383.8501457348,1301637.3314954862,1350667.855751805,1421891.8893651813
6.5,1940199.8612066582,1580657.248673305,1080451.0780832544,1472037.4539322034,2164005.4341693483,1009459.5410700701,1494856.7531251237,2180342.8089873493,1880121.5435571745,1565243.363200713,1790662.8766004518,1572846.1334685609,1038215.0214146003,1632959.3041453436,1343157.7743664645,1583346.965966016,1554049.7311652675,1041246.1617569849,2458149.3391445167,1909848.2024703808,1244004.708305806,1313397.5786210373,1180499.2669825628,1280661.124763012
6.75,2059051.5843485706,1665900.9820311368,937335.3742695004,1665575.341375865,2303865.8425680175,1183805.2904843986,1384163.4518468603,2023790.7151623853,2126781.511573836,1980058.6612335593,1678393.6684073266,1533342.8953150138,1082144.8058129773,1598324.9707648382,1419212.4947522208,1560251.8426770829,1607739.9407152832,1293609.685019441,2034630.0022604838,1830181.6680529825,1219122.9399381205,1266312.2341926694,1223619.0949008912,1280319.9623060673
7.0,1872283.2672797963,1557425.8649952486,1219679.308146149,1667090.126963146,2272683.8438656554,1610086.0858479738,1249750.9316675067,1962315.897850629,2791339.5785804912,2184808.332534723,2192521.2814857922,1494666.8283275515,1049611.7160040513,1439514.7355189025,1377135.9880179614,1653336.0526150987,1543932.1552529484,1315116.576432854,1574267.0426950417,1597548.260471616,1205353.038294889,1273836.3163966537,1293954.9332746863,1260414.8945424631
7.25,2063555.2852421403,1559804.7990344763,879349.9546520934,1892943.0122298226,2217810.9807698093,1386347.701539673,1215117.2011022642,1708439.4956548586,2253150.5653368793,2550435.4811246432,2517595.7410858646,1609209.5894424096,991143.4736084491,1570562.7392712757,1318295.9816809222,1568453.6914819814,1716904.6956216246,1071994.0107833073,1970963.1346419416,1668266.0133707374,1239931.4558544084,1320687.8190410659,1395478.9929575548,1257646.8043821082
7.5,1845147.231864579,1293586.3339131102,1162059.477399528,1702059.430920124,2062291.924492389,1308495.2511124834,1232989.937270902,1774730.5049545243,3045069.7735409737,2702328.9892097227,2239203.392635066,1542223.1351096183,1159947.4833557606,1510848.5471227393,1365537.8812118545,1620418.3999857306,1715622.3299369663,1050318.6651900113,2269930.038471561,1453791.66138421,1210362.462151371,1180347.6058046147,1593546.60267137,1243654.1414249986
7.75,1935098.682370931,1446199.6068340838,933763.0100564063,1696410.7183059528,2049384.1824922562,1256996.2898983806,1102319.2350326702,1608640.7055548579,2353142.884387199,2251648.8334351294,1810753.224607803,1416801.5437165871,1137001.0637536198,1449952.626356788,1312515.8041919097,1507697.1223486885,1826819.5612569675,1077127.164787367,2861248.2754129097,1471448.7218437567,1271436.7712475061,1250500.5532100573,1449734.358502999,1225045.638221413
8.0,1626877.4973192662,1382797.8400615156,1138036.923677355,1579558.9178348333,1950346.252471473,1013656.91539976,1165230.801868856,1510074.0416486189,2157491.7026920095,2584361.2553796954,1676664.3088150844,1404894.9024477005,1057824.5062042624,1404436.126082167,1342825.224854663,1527910.3308462724,1570226.4208132848,1290726.9661476389,2066405.4208239391,1526935.5644974858,1149313.8267303184,1187000.4177373424,1202879.062081255,1193345.6656066775
8.25,1885504.8559893966,1403794.2419609725,1226000.4763300866,1592701.8849297762,1783038.8164778352,1213171.178779006,1344059.404427819,1321059.7097132206,2013731.5542106256,2617102.6255734637,1808299.6647300422,1548455.133352369,1079955.7448038235,1312055.9570704848,1305670.9269496948,1429691.5065802634,1358208.8634083942,940809.4603082091,1998427.908204332,1388388.5086475238,1113383.8131517395,1453694.2706394047,1424818.4961989075,1202986.1642512307
8.5,1567141.8866255954,1423386.834553562,1111954.1401990876,1471643.647183694,1779543.4433276802,1188975.9237825423,1221537.7631197572,1402609.6482263282,1714151.1365300417,2355792.8912348263,1632861.396967847,1276855.3572954908,1254717.4721830264,1313623.188899763,1257419.828480497,1438818.7687373385,1690578.8482737243,755794.8159783259,2005495.9341772124,1594782.9281687662,976341.1149675399,1514601.6491048485,1467725.0974492356,1214686.4115536883
8.75,1729099.0473115817,1547352.5076565892,1222109.4173778743,1401789.496325776,1836523.629785031,1169824.2033780068,1421443.4314430654,1303701.696158953,2019228.5622649938,2041166.146244213,1681111.2227688879,1377528.7875548676,1219860.8523419201,1337551.699843347,1193207.4139895737,1476024.9006284624,1689409.2289078832,1531537.06726297,1765658.706128016,1476636.589808166,1109589.690294601,1444659.725514084,1454161.5906125903,1316794.8907163888
9.0,1520673.2755221128,1438069.2790711075,1239259.590388149,1441889.7189040333,1768094.003355667,1218350.6978236511,1129154.8180480003,1379067.6580344588,1861344.2941136658,1938520.6888229102,1656487.2016171217,1562065.1228482574,1177956.656565547,1319398.6051843688,1408991.6183939353,1350850.118675448,1497111.0107530132,1283920.2305072546,1910364.6217836216,1565393.1259439364,1017798.5549871475,1400564.5700309798,1596512.020578958,1183499.627338633
9.25,1631042.3397543728,1569513.7488091066,1129763.101149261,1374240.3465639204,1580607.0497460216,1236124.533622019,1348783.8957906067,1152384.1896759346,1795805.807282716,1752426.2928129956,1481517.3445720673,1359284.3985992372,1693595.8130482957,1362121.26298327,1165158.6303580701,1445600.9276513383,1638526.9512533844,1014998.9503816143,1764117.4490243122,1457361.1066740453,964032.2029580101,1528119.751879938,1411862.458934918,1299899.032139182
9.5,1443291.5122776404,1672925.9400879294,1377039.0939659402,1382799.7251912877,1606694.5741713494,1065351.4866731167,1257054.279311411,1342448.6630511582,1722342.9840804562,1692992.767759584,1516453.2775273249,1445780.3767922968,2025607.8565067798,1458171.0064139068,1221802.3278847784,1423412.0650901496,1484276.8962375075,826134.2088770717,1725198.8253529146,1535270.1610695794,1117289.782089457,1518472.4773567244,1481087.6677975133,1157090.6761846542
9.75,1437225.085475698,1481644.379111372,1273167.3114627227,1377381.643945299,1537726.2596212775,1238031.2356218398,1289281.0563965887,1288952.1416071951,1714887.1978625506,1504309.3727125227,1573727.795713745,1412560.146192193,1750317.3960692808,1435043.940524727,1366400.4843675643,1350871.860525772,1501973.5344322473,960121.2585447356,1863208.5667606965,1497416.373773098,940304.3512353301,1406821.7286474034,1377632.9084583744,1458583.3833163902
10.0,1473045.4317298457,1650370.451401338,1465470.3976262584,1305102.6751900166,1389197.2893186882,1206923.6783219203,1292266.9297167659,1343840.8298285976,1565651.9386434928,1659356.4443084002,1477291.6034855917,1338177.4633378908,1514676.3775333464,1415654.9520479217,1260880.030970253,1346190.3189736083,1392525.4232452959,871787.2107270807,1986430.9044023827,1566412.4935506657,928158.2486488521,1622518.8378982395,1424045.9426122904,1209735.900706686
10.25,1460675.159116149,1689785.085056737,1366295.7228469849,1295928.47908438,1390289.4861391336,1160209.5434111804,1308403.6610257477,1311744.3800504059,1604742.3315477967,1505663.4315200597,1386051.7082627416,1505979.2069729492,1272887.3391188756,1499742.9086947143,1360814.0552057028,1246862.9891333058,1406940.523721546,1071299.9561496899,1973313.4116702005,1540990.778256096,1089590.1572876796,1483873.4939665198,1572542.6145456135,1303722.924801901
10.5,1527003.4123582095,1891957.9401993603,1470029.338713877,1288504.66220247,1405097.6329622418,1343540.7891640738,1354223.3110936359,1515088.5779855996,1619714.7745467871,1569252.326917909,1418802.9274584576,1278590.0465570837,1502086.9635077566,1462479.173427634,1349661.2257689089,1417690.9256290868,1579969.852613479,1137171.5150233135,2025726.772085607,1710046.0476549938,1073983.9269010127,1689447.8578637838,1610296.6921522915,1296081.2612497061
10.75,1231962.06479311,1642859.9043869376,1479045.4921795651,1242687.3194567263,1386600.442246452,1204974.519275695,1110675.4149414077,1287769.4824161455,1668195.8320348188,1445632.2635335177,1433661.5463775545,1458591.0635598823,1305520.9838982075,1522673.7362766638,1300519.5500638857,1300591.9737395495,1323028.7098122537,1172954.5270132646,2321655.0812274963,1689870.6191911101,972473.722482875,1653907.4926039279,1659825.3206134886,1270884.9186889306
11.0,1564439.966356948,1747924.4445132911,1447291.071825564,1169745.0412588343,1379432.3055289537,1251000.989263758,1488405.572345145,1453958.04963848,1592559.482604988,1483659.2755454853,1524611.9806838855,1514630.7556090727,1517781.0661590844,1635279.954196781,1348813.8316713125,1376957.3487008587,1463414.653688714,973350.0798691064,2229216.168335639,1770470.5588209853,1155460.9254332036,1903825.5677376837,1696433.171277374,1172066.8491759822
11.25,1192373.978196688,1841013.1933650374,1337721.2114505246,1209259.431953229,1472686.4208555296,1327364.2343804166,1485224.681256108,1278315.9132710546,1594043.2400056422,1533690.2083572298,1324592.7498204038,2083385.1956169978,1363808.1938932687,1680346.4602253065,1356133.6955311,1490306.1895787716,1535404.9064992815,1107988.9832346365,2201834.7315431386,1923006.5074758604,1080815.4011655152,1683564.3823481798,1417655.100483194,1353878.98736272
11.5,1438658.4174903259,1754911.4386080354,1468688.3328124732,1355663.9308519214,1347325.1302136853,1101568.8838511035,1553143.5191830397,1496954.2924207896,1628228.6464572176,1358860.660631664,1459999.929379359,1925530.3345362693,1732571.1456894875,1575025.3983051777,1323283.943468362,1191889.9037451074,1487238.064180687,1008596.4374003634,2294006.2941367775,1782537.3832087219,1113825.3574096486,1508349.9818303436,1470103.3477009386,1297770.9168366939
11.75,1275697.1168241426,1448132.2527619004,1498304.204194039,1123344.9628194124,1281791.804268226,1210020.6277625784,1688211.308770433,1364507.5311777517,1669879.2707605138,1517911.9861410484,1452040.6039444655,1728120.8321859837,1572319.699858427,1962816.9454626963,1344970.7035910413,1279711.0101578832,1470899.307074383,1537795.1941781864,2205234.045791082,1974666.027873844,1391750.6508435383,1458515.5475617796,1615981.9219566435,1088978.7784607038
12.0,1156042.8312557042,1920718.4848937243,1256784.0013215095,1457841.6308980435,1240917.154777646,1291723.0450316519,1736919.290351443,1456043.8443277702,1700652.9281500354,1410401.4687940627,1383325.6172712073,1585289.1278767586,1456973.514346242,1928465.3111514598,1415104.7784772366,1436995.1650379747,1628468.7979904264,1322740.2227620184,2054627.9773936048,1584433.9821790308,1259808.4419652522,1694445.6170876771,1335448.1732022166,1581393.5146795064
12.25,1392292.8102511168,1213530.084336251,1485519.162568748,1455570.91346851,1206025.4569009095,1169564.069633089,1617651.9272786528,1484746.222268477,1776791.0344675183,1399822.7470663711,1599489.541194819,1626995.147548303,1795679.3307604194,1729068.6321757734,1259791.8414794728,1069903.6695297733,1335201.046166703,644911.7147206739,2096914.0619298369,1692049.0525312424,1253176.9634798318,1236994.7246239334,1475199.1954278946,1305839.464839995
12.5,1105688.8689397052,1523947.5124355257,1413307.4528187215,1508083.9313565046,1618623.1943462417,1074481.4256876186,1468176.7232087553,1430217.6574829519,1702149.5423706695,1448961.8109103441,1396497.2751504704,1789076.2050092518,1472457.9253689498,1620325.593603924,1347027.9238376245,1293940.666804202,1571337.2555312067,818293.4419201612,2197115.4349202067,1770919.5995463133,1185147.593514949,1557656.6871741265,1421986.1860347092,1321558.4148766398
12.75,1169294.5692543685,1628681.5627932698,1378253.2026721537,1562027.1413956434,1547634.3064057678,1349728.7932424396,1718091.6421700865,1554592.2198357284,1699285.734934926,1477256.9694901407,1440305.949922718,1522031.1874583215,1542374.1447788626,1537908.4481604844,1312181.200470589,1132081.3320277408,1451284.9756658077,961049.5608494803,2054179.1925090998,1565933.6476518363,1234574.4257549942,1526598.208368972,1375220.2973775417,1325634.8484259546
13.0,1361232.8361783773,1342119.7497014552,1189710.823202312,1316691.7883702964,1841867.7604771107,1473010.0835140198,1410450.5820719898,1349452.0350827426,1687693.0201742053,1399915.6621808186,1489061.9282265157,1639122.7398795336,1311017.8333401084,1535411.687534675,1274972.7916879877,1257086.7693413123,1243857.6167445034,1175967.350151956,2142885.3457620293,1564299.0954138339,1354566.6467977315,1293921.8401935995,1233408.0747796148,1278240.4159154743
13.25,1085790.8745505512,1543752.2754848301,1338410.454966545,1380062.8849775195,1432327.1718139648,1548362.9161321074,1535118.1082050204,1418919.4983470887,1631106.9415041953,1596821.9928757623,1388119.2064559385,1868557.0667814612,1542820.3921138197,1349862.401098296,1404650.4658177495,1068956.1926291063,1260930.7508066446,1425470.7035398632,1868190.8363925368,2085264.5433368534,1421691.009365067,1071203.405482918,1205475.8323832303,1283095.577111274
13.5,1126113.598008275,1417886.2844791263,1351104.3413098454,1543313.0324481279,1476005.6369054392,1743119.1694681346,1576796.5779024512,1368205.0459714234,1527449.70005849,1663710.4419891834,1536582.7379857674,1819093.5170011222,1451227.7149446607,1331218.5503976792,1409522.748530969,1261662.0841025487,1459953.0730204135,1633702.377308771,2172877.928646341,2220772.137855172,1213902.2456705123,1274828.1436571777,1157352.2489065528,1520625.482152313
13.75,1134753.9671222866,1305248.242412269,1418373.119334221,1496117.909923926,1265863.4688792229,1559405.3671865165,1497625.8791612387,1198329.0026896894,1495193.1872520596,1665809.2144491747,1495583.5517620966,1506417.6957947165,1470267.5611227155,1298592.7861328125,1245301.2751387954,1185860.168776691,1197460.7274795473,2321360.3096158206,2709069.4593645036,2129349.0454291105,1297456.4456528574,1133225.7414111048,1220508.1305263788,1340154.2971009612
14.0,1391893.9510434866,1384548.1276981384,1198257.6330073029,1320318.818499729,1299172.4268678725,1615012.9662359357,1350922.0145106763,1323301.5936287642,1481911.9775116146,1703304.9169843048,1519921.582588166,2037457.2066250294,1357325.1511407942,1285423.8156042397,1503700.8624741286,1373757.5844824314,1081309.6416419,1686048.850771889,1849869.4688587785,1919200.9992892742,1414204.3591273725,1213098.967440486,1225488.2017742544,1269182.4566147178
14.25,960458.0044530928,1113093.998766616,1513378.9217054844,1172246.2847746164,1275396.1628375053,1650862.6274112314,1464459.0309779346,1235129.452782333,1528603.2161260992,1684123.8833093792,1619357.0932964236,1603574.9190461189,1294516.7121860832,1490288.0902451277,1436286.8393065184,1383094.4880101234,1225767.5543446094,1277348.8934479207,2157718.214904338,1927082.4951755702,1276877.6982032806,1097539.2473132461,1163276.9990353584,1450507.972919628
14.5,1277646.631799519,1228941.1100817025,1358688.6354442388,1378573.2875309289,1356992.59173055,1558318.1439309567,1655041.8915701807,1286005.1704818755,1804921.8557009846,1415498.3766605258,1387287.9909956753,1435492.1748165786,1317141.5254415274,1248621.3315146714,1847480.866883859,1271839.9459139556,1123606.415229991,1192067.081761077,1815070.4427097887,1537980.1479003876,1238728.4759177417,1080203.4296640903,1274988.3928355426,1650388.786660716
14.75,1270082.3630315363,1619105.4792000055,1431023.8597079813,1088576.5352754593,1532455.9611095488,1535697.0212056339,1508859.57333602,1320376.9781245142,2031679.9413302988,1465644.809615627,1589294.5209527686,1688156.8236884773,1152535.8587423563,1510862.0115580559,1613461.6551276296,1344237.4782066643,1080876.1277371943,1203587.6934325248,2112636.6349677593,1717770.7619528472,1288972.903196156,1383141.8683348447,1076174.9108866751,1245457.1018013805
15.0,1607823.5426534414,1217895.1364254206,1399367.8147451878,1204108.7360015959,1675260.716753289,1597287.621868372,1627162.7948805839,1464945.3046221584,2057658.3951096833,1413053.6955619901,1559490.0128543377,1869663.7341190428,1367277.7269190997,1352515.279894337,1816531.921680376,1325987.2675945908,1341715.2572544813,1663577.5765728801,1805648.3957949728,1601091.965497613,1394333.3389099836,1183265.4414687753,1142910.6456270367,1203008.301714927
15.25,1311010.8011121452,1061420.176398456,1394967.9711995572,1203882.7897296697,1406664.946979493,1661400.6859512776,1493487.280990228,1469656.2152962834,1783935.2621923983,1281707.0307562947,1623865.1415714324,1269858.2843006551,1396183.944010958,1301158.8211098015,1765659.8707039803,1221896.7829964012,1108344.94488056,1492049.2803734094,1556633.8220319003,1558903.628118679,1245597.6954104751,1093931.932205081,1150187.666775778,1627720.6793789715
15.5,1647286.85093081,1300486.0270220786,1471734.694401279,1093649.5926330835,1678011.5592443943,1701913.5985317975,1423662.7393171787,1340699.5040698498,1666333.4813890457,1444964.7237824798,1655524.7374693602,1474347.1769245118,1483768.4122725874,1484386.188650757,1634431.157564506,1430887.6767273694,1113937.5300402641,1682013.8115174025,1754928.5645022541,1544397.43217808,1247454.4140318483,845179.5927918106,1157964.6878287494,1623325.8490849733
15.75,1866656.4715267718,1254700.6041368544,1416380.6565700024,1275173.0505619496,1514003.7959109098,1555323.3999774456,1590180.4314756244,1451266.992664978,1716694.7805606723,1156647.3785693198,1827971.7514337748,1588956.8707042783,1243473.3596847206,1344785.2208181769,1654736.8998569995,1232179.5455528647,1157488.3388880491,1915529.9896662831,1625080.462257117,1643412.9151720852,1052537.286104545,1235635.6664161682,859717.549787268,1673848.3667575866
16.0,1591051.2627007961,884699.6180316657,1376137.3960300684,1222084.8893072605,1588380.4794422835,1432447.2620305717,1218572.1507333815,1714329.5655531436,1692154.4751838446,1478719.4594123513,2142307.9745461643,1242590.9915214777,1289757.5496125668,1411940.9850358665,1473174.313178748,1049497.3087284118,871732.4547648877,1954932.1643179357,1425394.7109089196,1354143.6616951823,1077841.7977511287,1074192.0027594566,1192441.7332724333,1646858.6711600274
16.25,1591108.9370100498,1319932.991327703,1274334.2374953777,1141086.319459945,1554616.5155014843,1759818.89974387,1393899.6220310777,1674814.872954443,1757269.4014512002,1220945.5814637542,2199395.6914143264,1529021.616243884,1423380.841492921,1485267.281831935,1743347.0129034668,1027580.1476526707,1176428.7717922628,1687180.4061887264,1811438.8753013462,1474904.9005748183,1255872.4399837255,951147.8195526898,1061305.1169916838,1356445.358013317
16.5,2141699.8072647452,1397762.1776994467,1493923.5102019906,1254772.336813137,1436944.660754621,1489851.1085201353,1493524.4079277813,1504451.3031584471,1679458.3503312469,1609353.3869280666,1697355.9083274752,1405868.1926885843,1169236.0824936181,1495215.2213973254,1913347.262505725,1335188.3418946117,1321130.980136186,1079115.3427697718,1860742.048971653,1435513.534982875,1056433.8335617036,1191312.9950692952,998445.1736062318,1830389.6394988745
16.75,1784337.4184176922,1021546.133012265,1454009.53584525,1305579.725270912,1274371.0474347323,1455393.2201939523,1139061.6856027842,1291262.3156247884,1742407.8937303126,1588858.0871073753,1922183.036591217,1818952.605587408,1275989.000726059,1373044.3666502833,1565278.1261823028,1070299.9435228854,1101716.7163469046,1504081.2572782338,1267096.5762486607,1388427.5979556888,1188123.5065366179,1004577.1484441459,1309704.3030023426,1589084.3192237169
17.0,1603600.0815270245,1229273.1196416318,1131262.9892415106,1340339.0503837764,1194748.7183918655,1577315.535020411,1336473.6777748466,1493860.077882722,1949428.5484475791,1348199.8967060149,1488191.6894161105,1420163.3191502094,1497577.2064837217,1442081.203134194,1570499.2675231844,1140504.1549622715,1157351.0422715992,1532401.6386745423,1607393.9926613718,1493145.8507390022,1298182.59090963,1022671.5726141483,989369.1167262495,1552090.3905297816
17.25,1660839.4123767018,1336802.4992553592,1624911.8429585695,1250549.3213212937,1365791.3846549094,1351209.817834556,1325460.1740726978,1458663.834195897,1724408.2807925344,1694256.1203755438,1519169.0818893462,1502618.0364816934,1261751.9349583685,1413895.5425864905,1552249.187638402,1416949.1289596856,1222289.0030584186,1107710.3503456265,1514186.8730953783,1253783.7305760235,1071846.5593059063,1091340.0183973461,1312721.198788613,1348934.8543181717
17.5,1512708.2831601202,1162089.00453794,1431207.6255420446,1331199.7850896716,1201523.694800809,1450390.521792397,1245045.450378731,1304880.3156190515,1686337.8772985637,1425107.0502691567,1469341.2278126627,1619475.8387929052,1301430.2053439766,1510038.3201255053,1744697.1333369166,1173949.6903933436,1278166.690053448,1422417.8063287288,1135430.7631834298,1251608.7392432839,988602.4913244843,1009712.9612042904,1055803.912414655,1534735.8421017528
17.75,1435990.9371735156,1093773.9375867397,1306733.1142042577,1183699.5720048696,1276664.3066243678,1380049.665432945,1292449.746320188,1533699.215390101,1582524.9388621747,1411648.52372697,1430496.99989672,1427202.9378406405,1553742.5948261768,1500119.0674877167,1384090.1028819978,1226179.1908745766,1389368.7573153973,1543176.7895763218,1570187.0216929764,1570137.6291388273,1122909.3013276756,1079235.6587115824,1378542.356439203,1364568.2518003285
18.0,1687652.1974777877,1338346.322606936,1346491.8384286314,1241653.6980717778,1379651.1793126464,1307411.589863196,1247468.5368163288,1454060.7740086466,1520528.4412479103,1488161.6291833967,1514588.8191248924,1938855.0851111263,1459729.2820330113,1544643.9062039852,1545948.1489012837,1573082.5586485714,1395908.4600579292,1053765.996892497,1434775.7134817392,1369912.8714233637,1120062.7986078858,1270968.248134017,1260135.3419602662,1627450.800423354
18.25,1435509.531887889,1309531.268257752,1363904.8760529608,1233164.5773320794,1301067.4006233811,1425984.1312596202,1372562.8414944857,1328351.8328745514,1458616.7030357718,1446676.4195214808,1401062.1126217097,1369326.1651776582,1510783.753669843,1574176.6096826494,1415005.5477444679,1731052.7633896023,1165061.5757479072,1168453.0988973677,1162641.5327791572,1419040.2746854573,1422666.2277819663,1106624.3150593042,1160986.9122228026,1397563.3802572936
18.5,1323944.277659893,1000995.3471617997,1358358.770350054,1225871.2281415462,1305749.2502941638,1275536.9921068996,1291877.8255646378,1509369.8466948867,1473786.2790198922,1455010.493025124,1432417.0397314727,1736231.0048159063,1383405.9042730331,1389497.2622824758,1341016.6799544692,1502207.0600392818,1244878.0015218854,993372.339367792,1566399.9100788087,1507099.6141705662,1283686.2740363926,1104764.5776383132,1425994.9179053605,1477862.6690053642
18.75,1509463.4078759253,1339058.4854723215,1199466.7639390677,1317343.5874205977,1537328.5652559698,1328023.4450496137,1490963.300744161,1308639.1286022365,1509520.4479761124,1610375.8511046916,1576311.904123187,1740717.7638964057,1535730.1147886217,1689323.189735517,1691082.8991956264,1768148.847172916,1489205.5565257668,1913461.379841894,1498910.3984427303,1470734.4332978576,1290919.9119247645,1222185.4100637436,1301317.493329689,1410896.313313365
19.0,1601555.2834993005,1397424.5965942293,1359703.407149613,1197249.3986103684,1385574.607366845,1428590.722186491,1659558.198600188,1503259.5921219438,1557728.0449258685,1440552.3563310504,1617715.453355074,1774169.0153437853,1536930.9146752506,1747885.5694118142,1530531.9735271186,1742026.340052694,1307456.288614452,1702042.8244554698,1241987.8320021331,1600179.963600427,1092318.34823291,1047142.8474000841,1499458.3693567365,1453051.2447836995
19.25,1494377.6568532288,1502002.6369994283,1363568.2992158085,1396613.1231194586,1567784.1402883679,1487439.5159943998,1405801.9561273158,1425475.4664545357,1614498.2351033688,1721562.401227951,1331542.7117220014,1688871.7477603108,1352355.0251902044,1665272.6952631474,1254036.1095643342,1337791.7599074543,1727441.7427639067,1984222.7662407756,1759374.0389122814,1732006.895180881,1078922.4532028735,1601155.3322664648,1301072.7173556387,1525585.1955881268
19.5,1579716.6633780599,1287640.937458083,1360863.4045973867,1307035.3517695367,1325660.1772384197,1435506.824946791,1449813.3095433563,1558129.0548609793,1661392.6077479422,1275119.075863123,1401682.0948274434,2003261.4694282413,1880035.0173182487,1759660.2833209932,1698579.3272586763,1808166.8192230314,1418101.9581256807,1202138.6529876739,1818177.6220261008,1657680.1414619684,1192252.9771550298,1159266.4926157147,1456564.6882786453,1514804.5578768551
19.75,1640589.1444373727,1413017.4583003223,1582662.419395268,1379410.0468499511,1431508.0323824286,1524523.6884627342,1753010.014998719,1482615.975580871,1638503.3221497536,1694146.937035039,1703529.1844408363,1798962.315156281,1865846.711951822,1894865.754629612,1636666.166642204,1761526.4662793279,1392256.5228557736,1017883.0254654437,1964320.2386778742,1948118.323451072,1147659.9801772833,1085909.6846973598,1564731.3047458231,1448727.0308444798
20.0,1460113.870889604,1445137.387986526,1629475.5858728588,1510731.3082972914,1501694.842915684,1624833.3245063722,1598431.8065197766,1333877.8010193259,1594892.3387608528,1448762.1708882302,1313137.0950476676,2007119.8985169828,1734220.3340351135,2008446.5078359544,1543884.9411490262,1888088.0938604772,1904235.8375152946,1213232.1113844514,1730646.8201283365,1770295.34858796,1086192.3389397115,1574508.7813016474,1588055.1695958525,1560313.383093536
20.25,1739940.5847755075,1447552.517409116,1611155.4193373322,1428385.4441481084,1543480.8077540249,1507539.3735268265,1699382.2586353123,1418282.6393299252,1579111.8774949312,1541941.4045526087,1453950.6855008453,1782507.409170866,1861025.6779402047,2020656.1276560128,1761082.0592617393,1647782.6424668878,1589358.2646239996,1319944.3866476566,1884904.6670499742,1915299.8092416525,1342027.6924270391,1408294.5883408189,1477908.791468203,1919074.9779374301
20.5,1672605.0610166192,1851566.1915596128,1658870.2911760956,1454143.65794006,1609332.3860969096,1748801.7108691037,1758159.793784812,1533575.3945982754,1524930.3164143264,1788638.6845282018,1549559.098710999,2275402.07555452,1782176.3649920076,1977249.9397437274,1601948.91314812,1893923.761970088,1746113.9219981283,1499316.4713787436,2229440.6022364497,2080890.988738507,1282583.7902957648,1466486.9805994928,1725659.4892838746,1483090.7646688372
20.75,1737969.5327131748,1558451.409877047,1941483.2465982288,1695894.302394092,1732709.0994585156,1514397.2787365466,1617024.5195280612,1435743.7453565001,1574722.1061628163,1431661.384133339,1431225.4366378188,2337854.3812806606,1811692.221405223,2040998.939814046,1694721.2202557623,1934487.6018642187,1714678.6874886155,2606644.8932463825,2158207.9041498303,1990122.5821017474,1300173.3713926673,1318961.5564825535,1730318.3804905713,1557084.2076019347
21.0,1699759.8305150867,1870150.3666113764,1758965.1108193547,1453107.0037013292,1760779.7118518949,1776013.3946230263,1961868.8389287442,1487692.1805072725,1645145.1377008557,1556021.017152667,1408051.521070674,2148472.9273329675,2080716.2387091666,1969538.8033324927,1826968.4352848977,1752466.0518208146,1856159.3392041326,1866238.77612181,2150110.4893180877,2249672.187320158,1237762.5582021624,1646285.8036586493,1519607.8616098315,1901158.812980026
21.25,1822652.647198826,1898687.506600216,1474742.3082025796,1686020.9500216246,1775599.3822651803,1676453.1208354533,1697872.40288575,1683743.718092069,1680119.7215908468,1677552.0755665898,1574045.9686843753,2421365.8347241133,2092642.4525412023,2013336.94737795,1612588.8029270172,1984138.093678981,1904577.1194355488,1293506.4400190115,2191766.738121867,1796528.2873928845,1046304.3577159494,1630187.8686326593,1939572.7252174765,1703948.5507110804
21.5,2153596.8657939136,1812136.956374228,1880508.6932027638,1708511.126692623,1932633.7588910162,1885522.2291531414,1908682.7466973364,1563440.0761650056,1691831.3348949254,1464803.5912599862,1340078.7627526969,2281033.1029820144,2547685.153707385,1936055.5329104364,1922833.7000973672,1893395.6934432238,1901373.183221057,2030015.3087547272,2318698.070548445,2395249.8614682555,1319651.1332200617,1384679.5718041658,1782642.146904096,1813159.846198082
21.75,1704704.819936812,2313731.618900344,2017393.5630283207,1532181.1857848763,1871913.6177263856,1798820.2208752632,2016339.154214248,1898716.418088898,1746341.565160513,1642093.7849692255,1746445.7762421668,2781575.9044870734,2231408.4528534412,2166854.702217266,1697161.3356945217,1880925.5747414231,1773410.5661182404,1487842.4062784165,2188756.037648648,2500443.9400595725,1530549.6243072897,1468976.8243199885,2103161.821802929,1613252.1163422018
22.0,2052419.9431446195,1970610.7261621058,1867693.1122295707,1769463.6124767065,2058521.3956240863,1742732.1941555738,1654754.8606435359,1825638.2226200998,1797912.2788814306,1803619.4373543411,1437276.198389873,2677359.799514562,2300678.09521994,2304239.607258871,1887478.0513546467,1882221.6539964527,1983516.281194657,1473971.8291627467,2500745.3219223022,2178471.316886604,1434493.6867591143,1850491.6197881997,2234088.995173216,2073714.833038494
22.25,2575835.5247655213,2229417.767090857,2203561.996328056,1651970.6283064187,2135864.5175477415,2188597.960917473,1891057.9725404978,1580811.553327188,1776567.1622246206,1509547.3161650747,1608057.3853666186,2730086.065459579,2619335.927533269,2851631.3938973844,1914858.384423837,2155746.4820810854,1941050.7678036094,1518555.5931579173,2995938.654579133,2570714.6752120256,1663120.2069029212,1803387.087873578,1998824.7273011804,1830470.6120612621
22.5,1916392.8468586802,2626306.3507354558,2022582.9722143263,1924093.6233348846,2344303.2971580774,1844216.579125151,2276912.3550283164,1862886.600649193,1844353.3396463096,1921377.1166481227,1872297.4429568946,2880587.532832682,2698212.3139932156,2596546.0682563484,1759462.1085157096,2036896.5291538388,2217904.1586547196,1768186.9458356053,2493950.599565625,2529478.0807083547,1228081.5490335077,1955659.7915103436,2364340.7507805824,2003143.7931711674
22.75,2209554.398825735,2534753.111649394,2406042.6474185884,2036644.3184615374,2200771.071395591,2628256.4149344712,2167278.9827343374,1967851.1373888105,1888405.3850759566,1913300.976371944,1684432.9520384967,3201263.482070595,2911056.387837231,2880092.2791218758,2258586.0487203747,2027819.2663438916,2529597.4154842794,1705487.7401991487,3123341.8293405473,2570702.890119523,1532862.6868256778,1995890.2983166724,2171601.596368313,2080443.4288964868
23.0,2597064.7964066267,2619746.001393378,2551333.0842702985,2168859.4425872862,2401957.915511459,2187639.992268726,2690119.062946588,1893502.9839321375,1980084.1324379146,1884949.3710301965,1922734.1883130223,3404023.008248955,3101961.142169267,2707922.137993604,1990063.0277069807,2309459.763654113,2437780.0033893287,1772418.983768925,3035748.555627942,3062639.4386810064,1876051.1294787824,1942696.4304543287,2281199.7205637693,1997351.1242705435
23.25,2011358.755161196,2549067.4264876544,2036524.8888668418,2027912.8548479974,2496254.093456894,2140382.4625242203,2343814.041404128,1923879.2636303157,2079027.6687662303,2082032.636590004,2020840.0184420496,3588635.6087022424,3101389.3191318214,2777896.8396870196,2311905.284479633,2174845.531015888,2583826.3487030566,2662621.64307034,3008333.651740372,3027664.207793802,1817876.1702437848,2382403.0353431404,2264959.4897057116,2007181.7206003666
23.5,2645905.54073447,2553978.548378736,2504035.2553851604,2174588.9528102875,2569142.6459759474,2543849.631516084,2207981.581185788,1954102.890497446,2039469.5733763576,1726907.673327759,1888578.0145454109,3490906.1198295355,3164000.179864794,2837787.0809051096,1944740.7117523253,2610631.747030437,2608838.243933499,2049014.145145148,3444385.8208536804,3234465.7067936063,1856739.5876227468,2330855.61757344,2256233.952517003,2035305.1478411555
23.75,2393123.814747572,2810005.717737019,2347476.3891367614,2118110.822812408,2997916.3173588812,2145440.239641875,2678949.799806595,1912282.855779484,2019845.4189099967,2329867.048068106,1778790.3400816172,3687824.7918064,2897465.7148832083,2814523.6919412613,2241378.9251992404,2333917.9735984653,2968833.1780907214,1878183.0444653928,3274561.2316198647,3522835.65550375,1709053.5687897354,2589513.5315016806,2387032.722940266,2212782.8740523756
24.0,2547252.2238551974,2582687.980288297,2464769.386630684,2286125.6454702914,2655176.6040029824,2511971.2574706376,2132095.4375244975,2081006.109996885,2000131.6406000853,1965441.5543086529,2099317.671388209,3737650.5980397165,3633915.80035308,2923444.5745865405,2172837.053850621,2638913.971170932,2770584.9559544325,2615181.4862798154,3775221.569226831,3499458.7737653553,1898589.6507086903,2197474.0298520625,2417941.3154070377,2071218.8059223294
24.25,2434050.053874582,2881842.195826113,2486294.659272939,2216092.7595709264,2857848.751746863,2140167.211595118,2482603.465769738,2161957.8721536994,2135682.436424136,2308641.6242317855,2005905.7032861412,3496086.035604477,3131610.464324951,2897081.5184184015,2186511.916498959,2421351.9191757143,3021970.7457412183,2527131.8589004874,3422623.343019724,3817772.384543121,1741495.3971392512,2534685.6739066243,2575492.4148418605,2088808.4142565727
24.5,2830199.4096639156,2680561.3108209968,2671214.824140787,2580351.371612519,2831814.139119476,2342285.7346824706,2425769.080766052,2228432.3600028455,2199495.2837432027,2064483.4041233957,2070037.1526861936,3519922.303426832,3330748.929032415,3167223.650333494,2414721.4755834937,2502480.7375983894,2840610.7313652337,2227471.719834268,3890708.862732768,3525958.6325285733,1773550.7555930465,2581887.4751734734,2460918.0538536906,2318554.259782672
24.75,2768668.7917864323,2931590.4847554564,2561986.7926642,2703742.753817022,3089722.2072178423,2440339.0095353723,2505897.8320726156,2510031.0368259847,2258386.932539344,2278417.2236023545,2063466.4455190003,4037280.9944071174,3731101.520860791,3209071.26961267,2506543.25865981,3012805.8567341864,3272731.9093233347,2010378.6474231184,3788920.1372071505,3530228.30668962,2001074.008292526,2569911.862416744,2681373.2404178083,2139755.4496915936
25.0,2727451.1668266654,2955375.598554492,2846482.492811054,2765857.2875110805,2985972.8854396045,2320831.0239419937,2718942.8922153115,2373660.816949725,2406407.133348614,2212526.7262579203,2583286.5541907847,3257426.3693825305,3236534.8674084246,3149923.505328417,2605350.834094584,2922880.5586566627,3074133.3403924704,2352444.551649064,3934131.825967759,4075026.712025851,2029777.579802394,2698018.110204637,2865338.6437260807,2524599.235215217
25.25,2929816.9568549097,3035725.152357042,2962463.0278281868,2819759.3541957736,3283742.258587599,2657954.447646886,2639246.879884243,2434426.8458052874,2498189.071293056,2321631.7983044684,2454183.600053519,3544515.4384878874,3984143.0890001655,3327948.5510517657,2527202.6272035837,3100896.0435314775,3348234.9187948406,2406325.4145207107,4107081.1018392146,3843455.645138234,1960743.4903343618,2637344.7943021357,2816456.1531538367,2467906.5330599546
25.5,2984227.0622427166,3088489.11578387,3304403.9776186347,2806996.0714366734,3437091.372856766,2514127.003966838,2833705.543278843,2540982.601383984,2561861.6101997495,2398799.63681677,2618503.033071965,3129168.9891327024,3585081.967761308,3435284.2001129985,2663743.807207316,2989489.682814032,3121992.384873092,2492119.896138698,4273717.381337881,4320602.972567588,2263883.5452686846,2948580.440663904,2978696.223728925,2517239.7965711057
25.75,3554887.450793773,3249249.872690767,2790258.1325553358,2963615.4871895015,3580199.9390004575,2673309.9086182117,2951141.8715146184,2590939.681091249,2696354.9451957345,2574905.4501689672,2743340.234349996,3486547.3449286222,3286645.341845304,3606609.0256943405,2907923.5071581304,3034367.9343238473,3180296.8108777106,3776673.67851758,3979840.293515146,4199289.642349511,2382822.079774648,3024058.8081150353,3249129.2602720857,2570512.220370233
26.0,3140895.954669088,3263349.4082920253,3398245.661182165,3171075.182525903,3723684.9899279773,2806546.6167651117,3001945.2524909973,2691943.661377758,2693379.247269273,2653863.8437262774,2602555.7423653603,3597487.6875477433,3756743.0909980834,3764483.3020029366,2841560.898469031,3159834.3950692415,3391806.08600837,3376452.360834509,4428140.134357244,4306424.708205342,2450889.274011761,3055396.4874255955,3120216.3637744486,2909047.0612721145
26.25,3697214.5188322067,3596139.623471856,3248443.247672856,3220823.5029506683,3923214.915865153,3085965.5528590977,3139202.7924188375,2801412.846004665,2868362.553421974,2797221.7938988805,2557363.8337210417,3382193.2108202875,3443015.4000122845,3948791.086099118,2987105.0151596367,3271032.499340683,3285725.271479845,2835090.6517265737,3901193.178913474,4528170.050651938,2558170.432323158,3140619.3531810343,3539473.6913517416,2802467.0634571314
26.5,3661382.0612774193,3799186.9679779112,3487370.384360045,3452541.7966127098,4013250.213066846,2862658.3635161817,3327432.767554879,3022589.0622341037,3082885.4885760844,2749982.8392878175,2833754.885752797,3532105.687576294,3487511.168924123,3953868.522015363,2992801.9086472094,3480445.731191516,3657147.923451036,3019423.7247977257,4906014.948270053,4180577.028168559,2496760.3302707076,3285034.2637167573,3518835.3267183006,2819936.8255363703
26.75,3733000.9643924236,3891642.855085045,3529660.1019974947,3684240.708776027,4081676.5086949468,3293231.4810120463,2993377.1784209907,3035018.790999502,3256862.382777661,3097322.0934713185,2842222.800422132,4286470.5786625445,4065259.1807159483,4215293.264555454,3098552.956792265,3500085.723205805,3577812.361840278,3327084.741962433,4649021.574002653,4437358.443460792,2986088.9621271193,3455117.7296328843,3713108.1906118393,3108650.949991673
27.0,3779972.4874999523,3723214.604796052,3438021.785889536,3799848.7266840637,4117614.6061896384,3243863.0037953556,3766208.6939406097,3324080.781291187,3430509.2010097504,3187037.5227277875,3032957.6725094616,4403867.368363529,4001281.3273168206,4460785.730774879,3458207.484106362,3376029.743708074,3349999.0521897376,3238432.70420599,5307872.351662248,4718699.477922052,2952426.64262262,3759125.3666941226,3939388.9314697683,3096018.168824345
27.25,3785034.5991454124,4100824.0451643467,3453517.4625427723,3898423.2812156677,4411900.502460808,3399473.1658777595,3301077.6058520675,3293874.7664826512,3708683.3485197127,3582701.4282642603,3224332.4884774983,4967685.492634714,4296834.605297387,4314165.721812844,3240638.7199998796,3599674.7738445103,3622016.9710025787,4022271.3227315545,6149451.839581966,4386436.7842203975,3224475.0574076176,3956356.646825731,4213829.17697078,3288917.6457092166
27.5,4108035.16125682,4184490.822928518,3992363.3151521385,3863018.1458765864,4724430.217954099,3557283.6038425267,3758605.3350780904,3814492.7272185385,3856016.051181644,3566206.046270907,3484035.2204232514,4682500.083286792,4056080.2002960145,4435061.132675707,3710780.686941117,4054086.41694659,4062133.2329946756,4242364.296751678,5462382.415796697,4515931.367274135,3430059.7097150683,4272337.695385575,4077044.4660555124,3273455.0240643024
27.75,4152032.597285956,4020885.2603574693,3760760.177443385,4019624.1525592804,4978221.88990882,3528564.0003010333,3746925.59758538,3567018.2363755703,4080218.606379628,3663470.665477395,3459656.2982504964,4605998.493534923,4663959.102624327,4707164.002717972,3473163.223560542,4137008.2529429495,3703629.6043946147,3703921.6570005715,5371626.059404284,5399261.537822008,3808874.8199290037,4388377.651704103,4444159.282540977,3867429.7862745225
28.0,4412106.969131947,4821999.356916726,3877846.7977819443,4331811.391091824,5020780.84262827,3828565.6845888197,4096059.619464636,4417636.287874162,4350332.090665877,4125166.601974398,4022890.7644866705,4917601.121203631,4854183.91402927,5040662.078882873,3606604.235785544,4642467.103590667,4267343.942430973,3560441.9010941684,5456197.655539155,5820813.134903461,3886176.8082897663,4382560.986670256,4738446.435877264,3703267.4274515808
28.25,4782782.093408555,5047157.916017652,4167410.70317173,4390899.941334128,5408786.71103394,3525704.0305122137,4208973.73499465,4383324.29186976,4532233.462489098,4378068.660967827,4041092.974724561,5518785.087245315,5466007.603001207,5072422.672741473,4090967.2295622528,4879054.7988503575,4257505.9331638515,3569499.0741431713,5380633.992726415,7337398.159640253,3969847.885047734,4144189.7233813405,4676754.890932262,3676621.057032764
28.5,4842436.783314139,5994569.7262991965,3839676.447951436,4253872.440601349,5321668.289056122,4231900.207752377,4281975.328006625,5407109.616579741,4855840.065696329,4891741.636154473,4385861.380926847,6359481.39880684,5520032.739949167,6255054.740291566,4283538.173893958,5586073.196847439,5087753.635233581,5449474.2204527855,4867733.307764173,8532585.890587121,4505154.256744117,4183390.9442289174,5178660.887130111,4227809.295382351
28.75,5368993.350199968,6173163.87120384,4106181.527081758,4056701.9252910316,5892328.991113067,4402873.587723255,4860771.057168484,5405632.4203540385,5304185.375694245,5262842.733312488,4973908.590897381,7442793.070074886,6464012.971028537,6662672.565353423,4510096.837642312,5633449.940644264,4975123.279702157,4524518.95754984,5091831.187748373,8120386.604417145,4958313.377477318,4350930.682279557,5322463.317127466,4158386.296189815
29.0,5891461.773413837,7186056.2598436475,4261616.2874493,4169178.8792297244,5742878.162958264,4742169.776282668,5093574.0168969035,5971399.471566319,6053321.612605035,5765779.984556556,5166128.241722584,7678450.117226332,7232222.2830248475,6937651.972374797,4670182.334566623,6510701.157065779,6314096.663558513,3430316.8079565465,5034209.018456101,7704209.74777773,5757518.780225813,4928938.232331604,5471227.774540305,4477590.77481997
29.25,6311593.247140884,8021357.229888946,4022079.665394813,4226443.810991257,6223398.04268384,5278563.663647056,5135189.418954551,6641279.445695043,6449733.729531646,5805082.575068474,5474505.9220998585,9283606.08191654,8612493.894873708,7848501.540417612,5293929.375229269,6678428.197979569,7192485.035671204,6390595.081635475,6201436.808913887,8714608.50622058,5860734.662739903,5162121.320850849,5769087.011577696,4675785.9872168
29.5,6476625.6195940375,8355100.406632394,4596124.45290646,4454901.853457719,6617577.698851764,5487370.397001624,5547364.308264554,8045515.393135846,7483947.246800184,6592245.588266671,6282247.800472289,13838666.293013453,10319131.326673925,8192110.521858931,5767287.077332407,7583953.153324336,7342710.82822147,5345417.8313295245,7516763.282544762,10190242.869824588,9217654.481873304,5706120.198202014,6519865.438309878,5345154.669114411
29.75,6658783.960468113,10576863.892939687,4542612.403170496,4593491.444687039,6451964.98266387,5425708.442669004,6204380.829459101,9403980.830554634,8726453.518300027,7927702.07256034,7027825.977100432,13612847.605546832,11116572.168192327,9261758.122851789,6443695.339882135,7745250.957270741,8144586.449430406,5651841.657576114,7550757.676989436,10366287.259842336,13108788.52296555,6110689.573083252,7467038.261985093,6194066.487245321
30.0,7685302.578042775,15413525.201614887,5278557.44424364,4871771.166479409,6765698.686778843,7252444.471082896,7149057.00351119,12487954.41989109,9927044.614640921,9545530.057633758,7325096.353438437,12113793.490610182,11447564.26675713,10846853.038926661,8103869.828195035,8393219.884713799,9972640.868816525,6827476.869990617,8098103.642093241,9759996.47432667,18891226.612259626,7285265.385687649,8372057.49864167,7236826.840559721
30.25,9573411.478420675,15703635.924633622,5784554.433689266,5470359.176379114,7123001.83138144,7920169.954474598,7953068.698743373,12962372.590315074,11402857.239432901,13291187.471275479,8006863.80208531,12062219.90448147,12682200.71493733,9948875.475794733,9548092.616063774,8226198.10577929,12390004.676086903,9093810.784160167,10233052.27592957,9596938.812621057,30643084.557729065,8035761.905403376,10301003.714082003,8216530.712146938
30.5,10852527.754152358,17876444.3985523,5999106.046670616,6262719.066293269,8267044.649433076,8718631.016988069,9650355.33857286,14690574.52677378,13128934.590121895,14992155.385706753,9094888.680924356,18066571.504517972,13048485.543144464,9809228.17258215,12172246.53425917,9566725.63107714,13776085.657036543,9921438.104390204,8280829.509079635,7825039.197993994,30677134.23050946,9131145.618592441,12859044.924305975,10027067.006584644
30.75,11630537.782835752,14575134.116627395,6816651.175685793,6921576.944059104,9244714.630321085,9216377.846378535,10188022.597872585,19101791.506526947,19061061.978076696,15669848.657783061,11184609.192923874,12550547.227891088,12579604.730378687,11169456.272355378,11252706.651497126,11082654.087171853,15705582.934691787,12011590.403306246,8355730.297913492,6579083.622622073,17786590.343737245,9640357.428148061,13915653.780767858,13822507.0319238
31.0,11715742.96274823,9777543.165198565,7956973.8661875725,7370359.013400912,11438650.511143506,9881312.163452238,9208774.991679788,21918406.52656436,23215306.801270187,18469107.43582362,12889186.589558065,6149718.732147515,9423571.956069887,13382937.528922677,10936364.792520702,10762631.39556241,15997713.772562087,12963667.887915432,8444462.727276683,6980385.261003494,10042392.064057112,12672247.035567492,14168525.688263893,12278924.902796
31.25,13630887.63854438,7138497.215515375,9153072.07261005,9242695.350336164,11241415.017515242,10138964.180493742,8982056.487805605,17784388.48720312,19473426.71234429,22097512.0668869,16607677.314820439,1124078.1996663213,6023401.82633698,16395693.861769319,14449369.542215168,10375745.07473135,11509389.58698225,12941521.997948825,9364274.337728858,6412098.601672828,8157326.979115725,15361783.932977378,15683158.495883942,12189068.65669638
31.5,15089782.766659558,8258995.892216206,9194769.159268677,10589748.03774333,13906980.566804647,9492923.61502862,10021807.110500276,13849908.878736794,13297428.770732999,14478354.099766195,20093369.346064746,194175.373773098,6284143.854803979,13318928.81778729,16189930.63532877,11002579.136982203,7312690.87111485,15238124.897708654,9431128.186372042,5195303.4007532,5818611.432997525,16181025.335832298,13749892.674215853,16857440.86567408
31.75,13466805.239612699,7422057.937410235,11598623.73167485,11752716.791420162,13921611.838871062,10101826.610245585,11508396.807466865,7383682.253531337,7865332.380961239,14000286.95283544,19442364.00514418,10006.463392853737,4259841.786618292,4357864.897369325,16076171.174040735,13030108.06461978,1729757.1478791237,15263242.808571458,5719194.11471808,4021457.3705736995,4841572.50427407,16093263.738232195,11969740.74337405,16338649.724618852
32.0,8630180.680700302,2575297.0830684304,12814807.791387677,12314813.295573115,15364008.61045283,10294552.282155097,12198936.104156375,3991432.4738588333,2607993.5107080936,8004083.097105503,17909601.79800296,18692.185584664345,750567.0789730549,852104.1080587506,12356489.029639661,15561281.233026087,422733.38125675917,12438885.730397582,4765520.732179642,2420394.0198254585,4106707.011720121,18679407.93721634,6742179.710823834,12691438.52507937
32.25,4836689.034257174,704410.4619306922,13629349.220948637,12153440.805588365,11328392.68688351,12623790.874867141,16807778.59315592,1478579.396262288,973443.4762017131,3499236.379399061,12537264.098183215,38263.43580383062,262168.21990573406,446901.21643191576,6192504.6713731885,16577590.796070814,96871.74891161919,11652314.41452223,3246049.046110332,1750998.4849593043,2450102.4138156176,11193755.631689072,2079779.9325700998,9006998.349886417
32.5,3567456.6618880033,355679.9190505147,13949840.0240075,12106431.866128504,8077320.727524579,17034949.51564461,13777409.718137562,888480.4052843451,487429.7627365589,1606953.8511190414,9704041.080713093,18894.851124167442,118452.63175272942,117568.3479013443,4547674.679674745,5168587.965226531,42520.00134253502,8902609.107862532,2918885.6090745926,817857.3323373795,1365414.4809194803,2409448.885493636,729359.5533777475,5045600.9158652425
32.75,3054688.1001510024,111776.38951653242,14317612.746269464,14626043.273920476,1208814.088681221,14796167.002470672,7711463.016824126,539527.3286377192,254773.96893769503,718321.5305210948,5753694.076363444,9808.05491912365,82272.30558347702,82563.22524517775,3588487.3674196005,1170012.3135406375,,3771894.3904023767,1109382.4091749191,541881.4395287037,962172.4831364155,1047587.2999498844,320183.7807136774,4014389.9570174813
33.0,2656745.731312275,110008.35431617498,8621322.669145286,13101911.79256934,315669.5481737256,7685651.314116776,4196556.217135429,192238.34460508823,174626.20182871819,458368.5126564503,1168296.27539891,65281.37495994568,30400.086233973503,78195.12794345617,2526147.287225902,726989.9224867821,,1587883.813043654,448935.7532274127,374401.2593215108,650847.597130835,450935.0014912486,134315.5103443265,2958786.733610928
33.25,1992141.0503064394,62571.982366383076,3378065.3491482735,5792968.70758003,107890.65688884258,4065174.7435984015,1732589.0547508001,163488.21739071608,76562.23582881689,175100.47181856632,530587.1981222034,37723.936601638794,35708.06523746252,101423.99678200483,1522835.3222643733,336497.6095033884,32671.36483258009,924796.0325972438,217093.71176171303,123493.2798513174,465086.4533287287,311616.8916717768,90276.98689991236,2038263.2567899823
33.5,1100093.9783931375,,2072270.2107319236,842475.7452480793,119435.06527030468,1268108.830535531,225239.26907420158,89944.18412280083,97856.92258250713,59290.03368681669,115836.89432924986,,9558.777588069439,117616.38560658693,1111579.1062256694,303967.93316978216,21757.278518676758,207243.1255221963,109963.19617372751,147302.8372221589,280559.99692714214,52876.26809632778,113798.49430143833,1324589.5931494236
33.75,608207.7547101974,,979849.193652153,191956.67834198475,30203.366025805473,528021.9116365314,86797.36532360315,132976.54204779863,97616.05103516579,38164.41694021225,125256.91669362783,,,120286.67433363199,542748.8629159331,140231.4798026681,31970.37178426981,49014.02143782377,46746.58951091766,111550.1179600358,153678.34860867262,,99254.61614477634,955758.5329810381
34.0,474109.9441421628,,798753.57161659,135538.35165929794,42020.03694140911,395530.85152179,80533.66107362509,169954.74750864506,79711.0919520855,70489.04954510927,77152.25092875957,,,39815.18983089924,382180.5021647215,67595.63044381142,20984.353445887566,49635.44854426384,11581.320884227753,90820.64140886068,117112.2086558938,18402.024139761925,70676.82041847706,490924.1996920705
34.25,360169.2334827781,,358576.28387862444,65877.19230735302,43205.28518128395,166451.01716822386,125675.06916350126,73057.19393271208,45978.31847649813,113400.97382545471,27904.805587112904,,8356.576573908329,39509.18191331625,341526.10760468245,59286.16947191954,20692.62782627344,98649.46998208761,,84292.46838611364,132681.6820101738,9315.90524160862,37249.91841733456,242638.8973584175
34.5,174688.83661288023,,250986.98042839766,62836.19318538904,43602.65344136953,95583.68764847517,152701.4525246024,164873.07347851992,28780.57280731201,120312.03978216648,93339.93991833925,,,19743.293456196785,201005.92007166147,47324.80916959047,62079.92332458496,,,22553.836065411568,50369.67711365223,36421.86103361845,27860.521536767483,294075.89047908783
34.75,136283.79857194424,,220779.48929780722,39606.7549932003,47472.60027295351,94471.54332697392,82397.2942867279,101344.02787733078,11102.610272347927,145161.04261416197,103104.32357555628,,,32831.78415155411,177727.85429799557,64167.95304751396,84475.03263288736,,,73943.35457843542,62490.5628939867,73668.35420298576,27630.735193312168,176390.36360663176
35.0,152708.25687623024,,95059.99222880602,22028.08267134428,72300.88511800766,81624.5105047226,55843.62672954798,81825.48555105925,11232.090582072735,113167.95181256533,81937.77320724726,,,45930.416465997696,86981.68313574791,31051.22784793377,31070.934984207153,,,28115.927455484867,98440.38285309076,46120.9193957448,18314.829951643944,135807.43410539627
35.25,64874.39455759525,,126761.26366859674,,104516.24027216434,68502.16597431898,65308.46739208698,,8454.997945427895,82643.9861342907,137143.51893514395,,,52343.9237858057,34966.19992631674,37342.077408373356,,,,22553.912024140358,116320.17566400766,46589.74408912659,9086.118898153305,53322.50939953327
35.5,75788.67117631435,,61962.10047954321,,107987.35683900118,29536.449956059456,9807.699868738651,,2118.8718186616898,59393.63792222738,72845.88987207413,,,52259.144663095474,94080.07695662975,,,,,35966.531803548336,81625.66945242882,27947.715724885464,,28928.65802627802
35.75,78739.30528980494,,32889.005128502846,,43899.350742816925,28256.388273239136,19401.92458665371,,706.3017073273659,17950.511305212975,52516.01259934902,,,12907.271028459072,51530.79680997133,28714.774732768536,,,,33913.57780247927,58506.11094915867,9228.711053550243,,36634.59501069784
36.0,42548.39662563801,,20976.049090206623,,45780.219211399555,46903.792526721954,,,,,,,,6418.961347520351,49519.46617496014,19370.78922587633,,,,,53748.35500818491,9086.118898153305,,50196.44274878502
36.25,42690.07937633991,,,,39046.60755044222,18190.349004983902,9817.04100561142,,,,,,,,79677.9402974248,28509.826956748962,,,,8450.74961155653,23919.709123969078,18314.829951643944,,20798.138414025307
36.5,67310.54486215115,,9346.73471057415,,6431.846591234207,83725.97162437439,20071.850014030933,,,,,,,,102567.35529476404,9341.26099818945,,,,,9575.556565284729,9086.118898153305,,69380.1662825346
36.75,39500.265936374664,,,,12894.375230014324,27763.05608856678,,,,,9317.081390738487,,,,112701.43002486229,9583.750091552734,,,,,,,,60638.179140508175
37.0,30458.385465681553,,9588.148670136929,,,,,,,,,,,,72692.51653659344,,,,,,28451.162583231926,,,162011.06957530975
37.25,16951.484606981277,,,,,9588.148670136929,,,,,,,,,93479.16649603844,,,,,10676.92845326662,17928.71072113514,,,93125.8883227706
37.5,,,22109.071536302567,,,19851.845310926437,,,,,,,,,31898.549383699894,,,,,,19163.754826962948,,,94583.57811933756
37.75,,,,,,10037.045708715916,,,,,,,,,28470.037315309048,,,,,,39082.859092473984,,,40789.46177268028
38.0,,,,,,,,,,,,,,,44760.82430958748,,,,,,,,,51447.769412994385
38.25,,,,,,,,,,,,,,,9317.177376627922,,,,,,39470.656065523624,,,32225.435051321983
38.5,,,,,,,,,,,,,,,33394.49977260828,,,,,,17940.54539757967,,,40854.70544296503
38.75,,,,,,,,,,,,,,,,,,,,,18664.722373366356,,,33394.49977260828
39.0,,,,,,,,,,,,,,,,,,,,,9091.13513559103,,,
39.25,,,,,,,,,,,,,,,11004.283450961113,,,,,,9583.750091552734,,,
39.5,,,,,,,,,,,,,,,,,,,,,9341.26099818945,,,11004.283450961113
